Home_DWI,Hefei,Guangzhou,Beijing,Chengdu,Chongqing,Shanghai,Shenzhen,Xi'an,Suzhou,Hangzhou,Zhengzhou,Tianjin,Shijiazhuang,Nanjing,Changchun,Ningbo,Changsha,Wuxi,Dongguan,Foshan,Urumqi,Quanzhou,Kunming,Qingdao,Nanchang,Fuzhou,Nantong,Wenzhou,Nanning,Wuhan,Xuzhou,Tangshan,Jinhua,Taiyuan,Shenyang,Harbin,Baoding,Hohhot,Taizhou (Zhejiang),Changzhou,Guiyang,Handan,Lanzhou,Dalian,Jiaxing,Zhongshan,Shaoxing,Cangzhou,Yancheng,Xiamen,Xingtai,Langfang,Yangzhou,Taizhou (Jiangsu),Huizhou,Yantai,Jinan,Zhangjiakou,Qinhuangdao,Zhenjiang,Huzhou,Hengshui,Wuhu,Haikou,Jiangmen,Anqing,Qingyuan,Chengde,Heyuan,Zhaoqing,Zhuhai,Shaoguan,Lhasa,Xuancheng,Zhoushan,Chuzhou,Yangjiang,Yunfu,Ma'anshan,Shanwei,Chizhou,Tongling
0.0,0.4233,0.3073,0.3207,0.3705,0.3158,0.3741,0.3131,0.289,0.2955,0.3693,0.3253,0.4011,0.4245,0.2521,0.3699,0.2597,0.2507,0.3593,0.3363,0.3048,0.4741,0.3617,0.3206,0.3351,0.3309,0.2819,0.2438,0.4229,0.2087,0.4076,0.3348,0.3987,0.5015,0.3392,0.3686,0.285,0.4009,0.3981,0.3777,0.358,0.2785,0.4543,0.1871,0.3673,0.3507,0.4731,0.2995,0.3239,0.4095,0.4766,0.403,0.4422,0.2519,0.3129,0.335,0.4404,0.4157,0.5139,0.3873,0.3013,0.5023,0.1754,0.3051,0.3181,0.3245,0.4568,0.4803,,0.1144,0.3606,0.0283,0.3784,0.2205,0.475,0.3938,0.4147,0.3657,0.3297,0.2793,0.602,0.4974,0.267
0.01,0.422,0.3094,0.325,0.3716,0.315,0.3768,0.3153,0.2922,0.2983,0.3684,0.3287,0.4009,0.4246,0.2552,0.3726,0.2628,0.2533,0.36,0.3386,0.3074,0.4723,0.3642,0.3218,0.338,0.3341,0.2823,0.2478,0.4218,0.2135,0.4026,0.3377,0.3976,0.4987,0.3423,0.3711,0.2882,0.4038,0.3985,0.3779,0.358,0.282,0.4535,0.1911,0.3662,0.3542,0.4676,0.303,0.3263,0.4126,0.4717,0.4017,0.4435,0.2561,0.317,0.3348,0.4372,0.4174,0.5072,0.3904,0.3044,0.4996,0.1797,0.3082,0.3211,0.3268,0.4584,0.4739,,0.1239,0.3561,0.0397,0.3808,0.226,0.4689,0.3961,0.4166,0.3642,0.3324,0.283,0.5964,0.4994,0.2718
0.02,0.4207,0.3115,0.3293,0.3728,0.3143,0.3795,0.3176,0.2953,0.3012,0.3675,0.3321,0.4007,0.4246,0.2584,0.3752,0.266,0.256,0.3607,0.3409,0.31,0.4707,0.3668,0.3231,0.341,0.3374,0.2827,0.2518,0.4207,0.2182,0.3978,0.3405,0.3967,0.496,0.3453,0.3736,0.2914,0.4067,0.399,0.3782,0.3582,0.2856,0.4528,0.195,0.3651,0.3577,0.4622,0.3066,0.3287,0.4158,0.467,0.4006,0.4448,0.2603,0.321,0.3346,0.4341,0.4192,0.5007,0.3936,0.3076,0.497,0.184,0.3113,0.324,0.3291,0.4599,0.4677,,0.1333,0.3518,0.051,0.3831,0.2315,0.463,0.3985,0.4186,0.3627,0.3352,0.2867,0.591,0.5013,0.2766
0.03,0.4196,0.3136,0.3336,0.374,0.3137,0.3822,0.3198,0.2985,0.304,0.3668,0.3355,0.4006,0.4247,0.2615,0.3779,0.2691,0.2586,0.3615,0.3431,0.3126,0.4691,0.3694,0.3244,0.3439,0.3407,0.2832,0.2558,0.4198,0.223,0.3932,0.3434,0.3958,0.4935,0.3483,0.3761,0.2947,0.4096,0.3995,0.3785,0.3583,0.2891,0.4522,0.199,0.364,0.3611,0.457,0.3101,0.3311,0.4189,0.4625,0.3995,0.446,0.2646,0.3251,0.3346,0.4312,0.4209,0.4943,0.3967,0.3107,0.4946,0.1883,0.3144,0.3269,0.3314,0.4615,0.4617,,0.1426,0.3476,0.0621,0.3854,0.237,0.4574,0.4008,0.4205,0.3614,0.338,0.2904,0.5857,0.5032,0.2814
0.04,0.4185,0.3158,0.3379,0.3752,0.3131,0.3849,0.3221,0.3017,0.3069,0.3661,0.3389,0.4005,0.4249,0.2647,0.3806,0.2722,0.2612,0.3623,0.3454,0.3152,0.4676,0.3719,0.3258,0.3468,0.344,0.2838,0.2597,0.4189,0.2278,0.3888,0.3463,0.395,0.491,0.3513,0.3785,0.2979,0.4125,0.4,0.3789,0.3586,0.2926,0.4516,0.2029,0.3631,0.3646,0.452,0.3136,0.3335,0.422,0.4581,0.3985,0.4473,0.2688,0.3291,0.3346,0.4284,0.4226,0.488,0.3999,0.3139,0.4922,0.1926,0.3175,0.3298,0.3337,0.463,0.4558,,0.1519,0.3437,0.0732,0.3878,0.2425,0.4519,0.4032,0.4225,0.3601,0.3408,0.2942,0.5806,0.5052,0.2862
0.05,0.4175,0.3179,0.3421,0.3765,0.3126,0.3876,0.3244,0.3049,0.3098,0.3655,0.3423,0.4005,0.4251,0.2678,0.3833,0.2754,0.2638,0.3632,0.3476,0.3178,0.4661,0.3745,0.3272,0.3497,0.3472,0.2845,0.2637,0.4181,0.2326,0.3846,0.3492,0.3942,0.4887,0.3543,0.381,0.3012,0.4154,0.4006,0.3794,0.3589,0.2961,0.4511,0.2069,0.3622,0.3681,0.4471,0.3172,0.3359,0.4251,0.4539,0.3976,0.4486,0.273,0.3332,0.3347,0.4258,0.4243,0.4819,0.403,0.317,0.4899,0.1969,0.3206,0.3328,0.3361,0.4646,0.4501,0.9963,0.161,0.3399,0.0841,0.3901,0.2479,0.4466,0.4056,0.4244,0.359,0.3436,0.2979,0.5756,0.5071,0.291
0.06,0.4166,0.32,0.3463,0.3778,0.3121,0.3903,0.3266,0.308,0.3126,0.365,0.3457,0.4005,0.4254,0.2709,0.386,0.2785,0.2664,0.3642,0.3499,0.3204,0.4648,0.3771,0.3287,0.3526,0.3505,0.2852,0.2677,0.4174,0.2373,0.3806,0.3521,0.3936,0.4864,0.3573,0.3835,0.3044,0.4183,0.4013,0.3799,0.3593,0.2996,0.4507,0.2109,0.3614,0.3715,0.4424,0.3207,0.3382,0.4283,0.4498,0.3968,0.4499,0.2773,0.3373,0.3349,0.4233,0.4261,0.4759,0.4061,0.3201,0.4878,0.2012,0.3237,0.3357,0.3384,0.4661,0.4446,0.9733,0.17,0.3362,0.0949,0.3925,0.2534,0.4416,0.4079,0.4263,0.3579,0.3464,0.3016,0.5708,0.509,0.2958
0.07,0.4157,0.3222,0.3505,0.3792,0.3118,0.393,0.3289,0.3112,0.3155,0.3646,0.3491,0.4006,0.4258,0.2741,0.3887,0.2816,0.2691,0.3652,0.3522,0.323,0.4636,0.3796,0.3302,0.3556,0.3538,0.286,0.2716,0.4168,0.2421,0.3768,0.3549,0.393,0.4843,0.3604,0.386,0.3077,0.4212,0.402,0.3805,0.3598,0.3031,0.4504,0.2148,0.3606,0.375,0.4379,0.3243,0.3406,0.4314,0.4459,0.3961,0.4512,0.2815,0.3413,0.3352,0.4209,0.4278,0.47,0.4093,0.3233,0.4857,0.2055,0.3268,0.3386,0.3407,0.4677,0.4392,0.9508,0.179,0.3328,0.1056,0.3948,0.2589,0.4367,0.4103,0.4283,0.357,0.3492,0.3053,0.5661,0.511,0.3006
0.08,0.415,0.3243,0.3546,0.3806,0.3114,0.3957,0.3312,0.3144,0.3183,0.3643,0.3525,0.4008,0.4261,0.2772,0.3914,0.2848,0.2717,0.3663,0.3544,0.3256,0.4624,0.3822,0.3318,0.3585,0.3571,0.2869,0.2756,0.4163,0.2469,0.3731,0.3578,0.3926,0.4823,0.3634,0.3885,0.3109,0.4241,0.4027,0.3812,0.3603,0.3066,0.4501,0.2188,0.36,0.3784,0.4335,0.3278,0.343,0.4345,0.4421,0.3955,0.4525,0.2858,0.3454,0.3356,0.4187,0.4295,0.4643,0.4124,0.3264,0.4837,0.2098,0.3299,0.3415,0.343,0.4693,0.4341,0.9288,0.1878,0.3296,0.1161,0.3971,0.2644,0.432,0.4127,0.4302,0.3562,0.352,0.309,0.5615,0.5129,0.3054
0.09,0.4143,0.3264,0.3588,0.382,0.3112,0.3984,0.3334,0.3176,0.3212,0.3641,0.3559,0.401,0.4266,0.2804,0.3941,0.2879,0.2743,0.3674,0.3567,0.3281,0.4614,0.3848,0.3335,0.3614,0.3603,0.2878,0.2796,0.4158,0.2517,0.3697,0.3607,0.3922,0.4805,0.3664,0.3909,0.3141,0.427,0.4035,0.3819,0.3609,0.3101,0.4499,0.2227,0.3594,0.3819,0.4293,0.3313,0.3454,0.4377,0.4385,0.3949,0.4537,0.29,0.3494,0.336,0.4166,0.4312,0.4587,0.4156,0.3296,0.4818,0.2141,0.333,0.3444,0.3453,0.4708,0.4291,0.9073,0.1965,0.3265,0.1266,0.3995,0.2699,0.4275,0.415,0.4322,0.3555,0.3547,0.3127,0.5571,0.5149,0.3102
0.1,0.4138,0.3286,0.3629,0.3834,0.311,0.4011,0.3357,0.3207,0.324,0.3639,0.3593,0.4013,0.4271,0.2835,0.3968,0.291,0.2769,0.3686,0.359,0.3307,0.4604,0.3873,0.3352,0.3643,0.3636,0.2888,0.2836,0.4154,0.2564,0.3665,0.3636,0.3919,0.4787,0.3694,0.3934,0.3174,0.4299,0.4043,0.3826,0.3615,0.3136,0.4498,0.2267,0.3588,0.3854,0.4253,0.3349,0.3478,0.4408,0.4351,0.3945,0.455,0.2942,0.3535,0.3366,0.4146,0.433,0.4532,0.4187,0.3327,0.48,0.2184,0.3361,0.3474,0.3476,0.4724,0.4243,0.8863,0.2052,0.3236,0.1369,0.4018,0.2754,0.4233,0.4174,0.4341,0.3549,0.3575,0.3164,0.5528,0.5168,0.315
0.11,0.4133,0.3307,0.367,0.3849,0.3108,0.4038,0.3379,0.3239,0.3269,0.3639,0.3627,0.4016,0.4276,0.2867,0.3995,0.2942,0.2795,0.3699,0.3612,0.3333,0.4595,0.3899,0.3369,0.3672,0.3669,0.2898,0.2875,0.4151,0.2612,0.3635,0.3665,0.3916,0.477,0.3724,0.3959,0.3206,0.4328,0.4052,0.3834,0.3622,0.3171,0.4498,0.2306,0.3583,0.3888,0.4214,0.3384,0.3502,0.4439,0.4318,0.3941,0.4563,0.2985,0.3576,0.3372,0.4128,0.4347,0.4479,0.4218,0.3359,0.4783,0.2227,0.3393,0.3503,0.3499,0.4739,0.4196,0.8658,0.2137,0.3209,0.1471,0.4042,0.2808,0.4192,0.4197,0.4361,0.3543,0.3603,0.3202,0.5486,0.5187,0.3198
0.12,0.4129,0.3328,0.371,0.3864,0.3108,0.4065,0.3402,0.3271,0.3297,0.3639,0.3661,0.402,0.4282,0.2898,0.4022,0.2973,0.2821,0.3712,0.3635,0.3359,0.4587,0.3925,0.3387,0.3702,0.3701,0.291,0.2915,0.4148,0.266,0.3606,0.3693,0.3915,0.4755,0.3754,0.3984,0.3239,0.4357,0.4062,0.3843,0.363,0.3206,0.4498,0.2346,0.3579,0.3923,0.4177,0.342,0.3526,0.447,0.4287,0.3938,0.4576,0.3027,0.3616,0.338,0.4111,0.4364,0.4427,0.425,0.339,0.4768,0.227,0.3424,0.3532,0.3523,0.4755,0.4152,0.8457,0.2221,0.3183,0.1572,0.4065,0.2863,0.4153,0.4221,0.438,0.3539,0.3631,0.3239,0.5446,0.5207,0.3246
0.13,0.4125,0.335,0.3751,0.388,0.3108,0.4092,0.3425,0.3303,0.3326,0.364,0.3695,0.4024,0.4289,0.293,0.4048,0.3005,0.2848,0.3725,0.3657,0.3385,0.458,0.395,0.3406,0.3731,0.3734,0.2922,0.2955,0.4147,0.2708,0.358,0.3722,0.3914,0.4741,0.3785,0.4008,0.3271,0.4386,0.4071,0.3852,0.3639,0.3241,0.4499,0.2386,0.3576,0.3958,0.4142,0.3455,0.355,0.4502,0.4258,0.3936,0.4589,0.3069,0.3657,0.3388,0.4095,0.4382,0.4376,0.4281,0.3422,0.4753,0.2313,0.3455,0.3561,0.3546,0.477,0.4109,0.8262,0.2305,0.316,0.1672,0.4088,0.2918,0.4116,0.4245,0.44,0.3536,0.3659,0.3276,0.5408,0.5226,0.3295
0.14,0.4123,0.3371,0.3791,0.3896,0.3108,0.4119,0.3447,0.3334,0.3354,0.3642,0.3729,0.4029,0.4296,0.2961,0.4075,0.3036,0.2874,0.3739,0.368,0.3411,0.4574,0.3976,0.3425,0.376,0.3767,0.2934,0.2995,0.4146,0.2755,0.3556,0.3751,0.3914,0.4728,0.3815,0.4033,0.3303,0.4415,0.4082,0.3862,0.3648,0.3276,0.4501,0.2425,0.3573,0.3992,0.4108,0.349,0.3574,0.4533,0.423,0.3935,0.4602,0.3112,0.3697,0.3397,0.4081,0.4399,0.4327,0.4313,0.3453,0.4739,0.2356,0.3486,0.3591,0.3569,0.4786,0.4068,0.8072,0.2387,0.3138,0.177,0.4112,0.2973,0.4081,0.4268,0.4419,0.3534,0.3687,0.3313,0.537,0.5245,0.3343
0.15,0.4122,0.3392,0.383,0.3912,0.3109,0.4146,0.347,0.3366,0.3383,0.3645,0.3763,0.4035,0.4303,0.2993,0.4102,0.3067,0.29,0.3754,0.3703,0.3437,0.4569,0.4002,0.3445,0.3789,0.38,0.2947,0.3034,0.4146,0.2803,0.3533,0.378,0.3915,0.4716,0.3845,0.4058,0.3336,0.4444,0.4092,0.3873,0.3658,0.3311,0.4503,0.2465,0.3571,0.4027,0.4076,0.3526,0.3598,0.4564,0.4203,0.3935,0.4615,0.3154,0.3738,0.3406,0.4068,0.4416,0.4279,0.4344,0.3484,0.4726,0.2399,0.3517,0.362,0.3592,0.4802,0.4029,0.7886,0.2469,0.3118,0.1868,0.4135,0.3028,0.4048,0.4292,0.4438,0.3533,0.3715,0.335,0.5335,0.5265,0.3391
0.16,0.4121,0.3414,0.387,0.3928,0.3111,0.4173,0.3493,0.3398,0.3411,0.3648,0.3797,0.4041,0.4311,0.3024,0.4129,0.3099,0.2926,0.377,0.3725,0.3463,0.4564,0.4027,0.3466,0.3819,0.3832,0.2961,0.3074,0.4147,0.2851,0.3513,0.3808,0.3917,0.4705,0.3875,0.4083,0.3368,0.4472,0.4104,0.3884,0.3668,0.3347,0.4507,0.2504,0.357,0.4062,0.4045,0.3561,0.3622,0.4596,0.4179,0.3936,0.4627,0.3196,0.3779,0.3417,0.4057,0.4433,0.4232,0.4375,0.3516,0.4714,0.2442,0.3548,0.3649,0.3615,0.4817,0.3992,0.7706,0.2549,0.31,0.1964,0.4158,0.3082,0.4017,0.4315,0.4458,0.3533,0.3743,0.3387,0.53,0.5284,0.3439
0.17,0.4121,0.3435,0.3909,0.3945,0.3114,0.42,0.3515,0.343,0.344,0.3653,0.3831,0.4048,0.432,0.3055,0.4156,0.313,0.2952,0.3786,0.3748,0.3489,0.4561,0.4053,0.3486,0.3848,0.3865,0.2976,0.3114,0.4148,0.2899,0.3494,0.3837,0.392,0.4695,0.3905,0.4108,0.3401,0.4501,0.4115,0.3896,0.3679,0.3382,0.4511,0.2544,0.3569,0.4096,0.4016,0.3597,0.3646,0.4627,0.4155,0.3937,0.464,0.3239,0.3819,0.3429,0.4047,0.4451,0.4187,0.4407,0.3547,0.4703,0.2485,0.3579,0.3678,0.3638,0.4833,0.3956,0.753,0.2629,0.3083,0.2059,0.4182,0.3137,0.3988,0.4339,0.4477,0.3534,0.3771,0.3425,0.5267,0.5304,0.3487
0.18,0.4122,0.3456,0.3949,0.3962,0.3117,0.4227,0.3538,0.3462,0.3469,0.3658,0.3865,0.4055,0.4329,0.3087,0.4183,0.3161,0.2978,0.3802,0.3771,0.3515,0.4558,0.4079,0.3508,0.3877,0.3898,0.2991,0.3154,0.4151,0.2946,0.3478,0.3866,0.3923,0.4687,0.3935,0.4132,0.3433,0.453,0.4128,0.3908,0.3691,0.3417,0.4515,0.2583,0.3569,0.4131,0.3989,0.3632,0.3669,0.4658,0.4134,0.3939,0.4653,0.3281,0.386,0.3441,0.4038,0.4468,0.4143,0.4438,0.3579,0.4693,0.2528,0.361,0.3708,0.3661,0.4848,0.3922,0.7359,0.2707,0.3069,0.2153,0.4205,0.3192,0.3961,0.4363,0.4497,0.3537,0.3798,0.3462,0.5235,0.5323,0.3535
0.19,0.4124,0.3478,0.3987,0.398,0.312,0.4254,0.356,0.3493,0.3497,0.3665,0.3899,0.4063,0.4338,0.3118,0.421,0.3193,0.3005,0.3819,0.3793,0.354,0.4556,0.4104,0.353,0.3906,0.393,0.3007,0.3193,0.4154,0.2994,0.3463,0.3895,0.3928,0.4679,0.3966,0.4157,0.3466,0.4559,0.414,0.3921,0.3703,0.3452,0.4521,0.2623,0.357,0.4165,0.3964,0.3668,0.3693,0.469,0.4114,0.3943,0.4666,0.3323,0.39,0.3454,0.403,0.4485,0.41,0.447,0.361,0.4684,0.2571,0.3641,0.3737,0.3684,0.4864,0.389,0.7194,0.2785,0.3056,0.2245,0.4229,0.3247,0.3935,0.4386,0.4516,0.354,0.3826,0.3499,0.5205,0.5342,0.3583
0.2,0.4127,0.3499,0.4026,0.3998,0.3125,0.4281,0.3583,0.3525,0.3526,0.3672,0.3933,0.4072,0.4349,0.315,0.4237,0.3224,0.3031,0.3837,0.3816,0.3566,0.4555,0.413,0.3552,0.3935,0.3963,0.3024,0.3233,0.4158,0.3042,0.345,0.3924,0.3933,0.4673,0.3996,0.4182,0.3498,0.4588,0.4153,0.3935,0.3716,0.3487,0.4527,0.2662,0.3571,0.42,0.394,0.3703,0.3717,0.4721,0.4095,0.3947,0.4679,0.3366,0.3941,0.3469,0.4024,0.4503,0.4059,0.4501,0.3642,0.4676,0.2614,0.3672,0.3766,0.3708,0.4879,0.386,0.7033,0.2861,0.3045,0.2337,0.4252,0.3302,0.3912,0.441,0.4536,0.3544,0.3854,0.3536,0.5176,0.5362,0.3631
0.21,0.413,0.352,0.4064,0.4016,0.313,0.4308,0.3606,0.3557,0.3554,0.368,0.3967,0.4081,0.4359,0.3181,0.4264,0.3255,0.3057,0.3855,0.3839,0.3592,0.4555,0.4156,0.3576,0.3965,0.3996,0.3041,0.3273,0.4162,0.309,0.344,0.3952,0.3939,0.4668,0.4026,0.4207,0.353,0.4617,0.4167,0.3949,0.373,0.3522,0.4534,0.2702,0.3573,0.4235,0.3918,0.3738,0.3741,0.4752,0.4079,0.3952,0.4692,0.3408,0.3981,0.3484,0.4019,0.452,0.4019,0.4532,0.3673,0.4669,0.2657,0.3703,0.3795,0.3731,0.4895,0.3831,0.6877,0.2937,0.3036,0.2427,0.4275,0.3357,0.3891,0.4434,0.4555,0.3549,0.3882,0.3573,0.5149,0.5381,0.3679
0.22,0.4135,0.3542,0.4102,0.4035,0.3135,0.4335,0.3628,0.3589,0.3583,0.3689,0.4001,0.409,0.437,0.3213,0.4291,0.3287,0.3083,0.3874,0.3861,0.3618,0.4556,0.4181,0.3599,0.3994,0.4029,0.3059,0.3313,0.4168,0.3137,0.3431,0.3981,0.3945,0.4664,0.4056,0.4231,0.3563,0.4646,0.4181,0.3964,0.3744,0.3557,0.4542,0.2742,0.3576,0.4269,0.3897,0.3774,0.3765,0.4783,0.4063,0.3958,0.4704,0.345,0.4022,0.3499,0.4016,0.4537,0.398,0.4564,0.3705,0.4663,0.2699,0.3734,0.3824,0.3754,0.4911,0.3804,0.6727,0.3011,0.3028,0.2516,0.4299,0.3411,0.3872,0.4457,0.4574,0.3556,0.391,0.361,0.5123,0.54,0.3727
0.23,0.414,0.3563,0.414,0.4053,0.3141,0.4362,0.3651,0.362,0.3611,0.3699,0.4035,0.41,0.4382,0.3244,0.4318,0.3318,0.3109,0.3894,0.3884,0.3644,0.4558,0.4207,0.3623,0.4023,0.4061,0.3078,0.3352,0.4174,0.3185,0.3424,0.401,0.3953,0.4661,0.4086,0.4256,0.3595,0.4675,0.4196,0.3979,0.3759,0.3592,0.455,0.2781,0.3579,0.4304,0.3878,0.3809,0.3789,0.4815,0.405,0.3964,0.4717,0.3493,0.4063,0.3516,0.4014,0.4554,0.3943,0.4595,0.3736,0.4658,0.2742,0.3765,0.3854,0.3777,0.4926,0.3779,0.6581,0.3085,0.3023,0.2604,0.4322,0.3466,0.3855,0.4481,0.4594,0.3563,0.3938,0.3647,0.5098,0.542,0.3775
0.24,0.4146,0.3584,0.4178,0.4073,0.3148,0.4389,0.3673,0.3652,0.364,0.3709,0.4069,0.4111,0.4394,0.3276,0.4345,0.3349,0.3136,0.3914,0.3906,0.367,0.4561,0.4233,0.3648,0.4052,0.4094,0.3097,0.3392,0.4181,0.3233,0.3419,0.4039,0.3961,0.466,0.4116,0.4281,0.3628,0.4704,0.4211,0.3995,0.3775,0.3627,0.456,0.2821,0.3584,0.4339,0.3861,0.3845,0.3813,0.4846,0.4038,0.3972,0.473,0.3535,0.4103,0.3534,0.4013,0.4572,0.3907,0.4627,0.3767,0.4654,0.2785,0.3796,0.3883,0.38,0.4942,0.3756,0.644,0.3158,0.3019,0.2691,0.4346,0.3521,0.3839,0.4504,0.4613,0.3572,0.3966,0.3685,0.5075,0.5439,0.3823
0.25,0.4153,0.3606,0.4215,0.4092,0.3156,0.4416,0.3696,0.3684,0.3668,0.3721,0.4103,0.4123,0.4407,0.3307,0.4371,0.3381,0.3162,0.3934,0.3929,0.3696,0.4564,0.4258,0.3673,0.4081,0.4127,0.3117,0.3432,0.4189,0.3281,0.3417,0.4068,0.3971,0.4659,0.4147,0.4306,0.366,0.4733,0.4226,0.4012,0.3791,0.3662,0.4569,0.286,0.3588,0.4373,0.3845,0.388,0.3837,0.4877,0.4027,0.3981,0.4743,0.3577,0.4144,0.3552,0.4014,0.4589,0.3873,0.4658,0.3799,0.4651,0.2828,0.3828,0.3912,0.3823,0.4957,0.3735,0.6304,0.3229,0.3017,0.2777,0.4369,0.3576,0.3826,0.4528,0.4633,0.3581,0.3994,0.3722,0.5053,0.5458,0.3871
0.26,0.4161,0.3627,0.4252,0.4112,0.3164,0.4443,0.3719,0.3716,0.3697,0.3733,0.4137,0.4134,0.442,0.3339,0.4398,0.3412,0.3188,0.3955,0.3952,0.3722,0.4569,0.4284,0.3699,0.4111,0.416,0.3138,0.3472,0.4198,0.3328,0.3416,0.4096,0.3981,0.466,0.4177,0.4331,0.3693,0.4762,0.4242,0.4029,0.3808,0.3697,0.458,0.29,0.3594,0.4408,0.3831,0.3915,0.3861,0.4909,0.4018,0.399,0.4756,0.362,0.4184,0.3572,0.4016,0.4606,0.384,0.4689,0.383,0.4649,0.2871,0.3859,0.3941,0.3846,0.4973,0.3715,0.6173,0.33,0.3016,0.2861,0.4392,0.3631,0.3814,0.4552,0.4652,0.3592,0.4021,0.3759,0.5033,0.5478,0.3919
0.27,0.4169,0.3648,0.4289,0.4132,0.3173,0.447,0.3741,0.3747,0.3725,0.3746,0.4171,0.4147,0.4434,0.337,0.4425,0.3444,0.3214,0.3977,0.3974,0.3748,0.4574,0.431,0.3726,0.414,0.4192,0.3159,0.3511,0.4207,0.3376,0.3417,0.4125,0.3991,0.4661,0.4207,0.4355,0.3725,0.4791,0.4258,0.4046,0.3826,0.3732,0.4592,0.2939,0.36,0.4443,0.3819,0.3951,0.3885,0.494,0.4011,0.4,0.4769,0.3662,0.4225,0.3592,0.4019,0.4623,0.3808,0.4721,0.3862,0.4648,0.2914,0.389,0.3971,0.387,0.4988,0.3697,0.6047,0.337,0.3018,0.2945,0.4416,0.3685,0.3805,0.4575,0.4672,0.3603,0.4049,0.3796,0.5014,0.5497,0.3967
0.28,0.4179,0.367,0.4326,0.4153,0.3182,0.4497,0.3764,0.3779,0.3754,0.3761,0.4205,0.416,0.4449,0.3401,0.4452,0.3475,0.324,0.3999,0.3997,0.3773,0.458,0.4335,0.3753,0.4169,0.4225,0.3181,0.3551,0.4217,0.3424,0.342,0.4154,0.4003,0.4664,0.4237,0.438,0.3757,0.482,0.4275,0.4065,0.3844,0.3767,0.4604,0.2979,0.3607,0.4477,0.3808,0.3986,0.3909,0.4971,0.4006,0.4011,0.4781,0.3705,0.4266,0.3613,0.4024,0.4641,0.3777,0.4752,0.3893,0.4647,0.2957,0.3921,0.4,0.3893,0.5004,0.3681,0.5926,0.3438,0.3021,0.3027,0.4439,0.374,0.3798,0.4599,0.4691,0.3616,0.4077,0.3833,0.4996,0.5517,0.4015
0.29,0.4189,0.3691,0.4362,0.4174,0.3192,0.4524,0.3787,0.3811,0.3782,0.3776,0.4239,0.4174,0.4463,0.3433,0.4479,0.3506,0.3266,0.4022,0.402,0.3799,0.4587,0.4361,0.378,0.4198,0.4258,0.3204,0.3591,0.4228,0.3472,0.3425,0.4183,0.4016,0.4668,0.4267,0.4405,0.379,0.4849,0.4293,0.4084,0.3863,0.3803,0.4617,0.3018,0.3614,0.4512,0.3799,0.4022,0.3933,0.5002,0.4001,0.4023,0.4794,0.3747,0.4306,0.3635,0.403,0.4658,0.3748,0.4784,0.3925,0.4648,0.3,0.3952,0.4029,0.3916,0.502,0.3667,0.581,0.3506,0.3027,0.3108,0.4462,0.3795,0.3792,0.4622,0.4711,0.3629,0.4105,0.387,0.498,0.5536,0.4063
0.3,0.42,0.3712,0.4399,0.4195,0.3203,0.4551,0.3809,0.3843,0.3811,0.3791,0.4274,0.4188,0.4479,0.3464,0.4506,0.3538,0.3293,0.4046,0.4042,0.3825,0.4595,0.4387,0.3808,0.4227,0.429,0.3227,0.3631,0.424,0.3519,0.3432,0.4211,0.4029,0.4674,0.4297,0.443,0.3822,0.4878,0.4311,0.4103,0.3883,0.3838,0.463,0.3058,0.3622,0.4546,0.3792,0.4057,0.3957,0.5034,0.3999,0.4036,0.4807,0.3789,0.4347,0.3658,0.4037,0.4675,0.372,0.4815,0.3956,0.465,0.3043,0.3983,0.4058,0.3939,0.5035,0.3654,0.5699,0.3573,0.3034,0.3187,0.4486,0.385,0.3789,0.4646,0.473,0.3644,0.4133,0.3908,0.4965,0.5555,0.4111
0.31,0.4212,0.3734,0.4434,0.4217,0.3214,0.4578,0.3832,0.3874,0.3839,0.3808,0.4308,0.4203,0.4495,0.3496,0.4533,0.3569,0.3319,0.407,0.4065,0.3851,0.4604,0.4412,0.3837,0.4257,0.4323,0.3251,0.367,0.4253,0.3567,0.3441,0.424,0.4043,0.468,0.4327,0.4454,0.3855,0.4907,0.4329,0.4123,0.3903,0.3873,0.4645,0.3098,0.3631,0.4581,0.3786,0.4092,0.398,0.5065,0.3998,0.405,0.482,0.3832,0.4387,0.3681,0.4046,0.4693,0.3694,0.4846,0.3988,0.4653,0.3086,0.4014,0.4088,0.3962,0.5051,0.3643,0.5592,0.3638,0.3042,0.3266,0.4509,0.3905,0.3787,0.467,0.4749,0.366,0.4161,0.3945,0.4952,0.5575,0.416
0.32,0.4225,0.3755,0.447,0.4239,0.3226,0.4605,0.3854,0.3906,0.3868,0.3826,0.4342,0.4218,0.4511,0.3527,0.456,0.36,0.3345,0.4095,0.4087,0.3877,0.4614,0.4438,0.3866,0.4286,0.4356,0.3276,0.371,0.4266,0.3615,0.3452,0.4269,0.4058,0.4687,0.4358,0.4479,0.3887,0.4936,0.4348,0.4144,0.3924,0.3908,0.466,0.3137,0.3641,0.4616,0.3782,0.4128,0.4004,0.5096,0.3999,0.4064,0.4833,0.3874,0.4428,0.3706,0.4056,0.471,0.3668,0.4878,0.4019,0.4657,0.3129,0.4045,0.4117,0.3985,0.5066,0.3634,0.5491,0.3703,0.3053,0.3343,0.4533,0.396,0.3787,0.4693,0.4769,0.3677,0.4189,0.3982,0.494,0.5594,0.4208
0.33,0.4238,0.3776,0.4506,0.4261,0.3238,0.4632,0.3877,0.3938,0.3897,0.3844,0.4376,0.4234,0.4528,0.3559,0.4587,0.3632,0.3371,0.412,0.411,0.3903,0.4624,0.4464,0.3896,0.4315,0.4389,0.3302,0.375,0.428,0.3663,0.3465,0.4298,0.4074,0.4696,0.4388,0.4504,0.392,0.4965,0.4367,0.4165,0.3945,0.3943,0.4675,0.3177,0.3651,0.465,0.378,0.4163,0.4028,0.5128,0.4001,0.408,0.4846,0.3916,0.4468,0.3731,0.4068,0.4727,0.3645,0.4909,0.405,0.4661,0.3172,0.4076,0.4146,0.4008,0.5082,0.3627,0.5395,0.3767,0.3065,0.3419,0.4556,0.4014,0.379,0.4717,0.4788,0.3695,0.4217,0.4019,0.4929,0.5613,0.4256
0.34,0.4253,0.3797,0.4541,0.4284,0.3251,0.4659,0.39,0.397,0.3925,0.3863,0.441,0.425,0.4546,0.359,0.4614,0.3663,0.3397,0.4146,0.4133,0.3929,0.4636,0.4489,0.3926,0.4344,0.4421,0.3328,0.379,0.4295,0.371,0.3479,0.4327,0.409,0.4706,0.4418,0.4529,0.3952,0.4994,0.4387,0.4187,0.3968,0.3978,0.4692,0.3216,0.3662,0.4685,0.3779,0.4199,0.4052,0.5159,0.4005,0.4096,0.4858,0.3959,0.4509,0.3758,0.4081,0.4744,0.3622,0.4941,0.4082,0.4667,0.3215,0.4107,0.4175,0.4031,0.5097,0.3621,0.5303,0.383,0.3079,0.3495,0.4579,0.4069,0.3794,0.4741,0.4808,0.3713,0.4245,0.4056,0.492,0.5633,0.4304
0.35000000000000003,0.4268,0.3819,0.4576,0.4307,0.3265,0.4686,0.3922,0.4001,0.3954,0.3884,0.4444,0.4267,0.4564,0.3622,0.4641,0.3694,0.3424,0.4172,0.4155,0.3955,0.4648,0.4515,0.3957,0.4373,0.4454,0.3354,0.3829,0.4311,0.3758,0.3496,0.4355,0.4108,0.4717,0.4448,0.4554,0.3984,0.5023,0.4407,0.421,0.399,0.4013,0.4709,0.3256,0.3674,0.472,0.378,0.4234,0.4076,0.519,0.4011,0.4113,0.4871,0.4001,0.455,0.3785,0.4095,0.4762,0.3601,0.4972,0.4113,0.4674,0.3258,0.4138,0.4205,0.4055,0.5113,0.3618,0.5217,0.3892,0.3095,0.3568,0.4603,0.4124,0.3801,0.4764,0.4827,0.3733,0.4272,0.4093,0.4912,0.5652,0.4352
0.36,0.4285,0.384,0.461,0.433,0.3279,0.4713,0.3945,0.4033,0.3982,0.3905,0.4478,0.4285,0.4582,0.3653,0.4668,0.3726,0.345,0.4199,0.4178,0.3981,0.4662,0.4541,0.3988,0.4403,0.4487,0.3382,0.3869,0.4327,0.3806,0.3515,0.4384,0.4126,0.4729,0.4478,0.4578,0.4017,0.5052,0.4428,0.4233,0.4014,0.4048,0.4727,0.3295,0.3686,0.4754,0.3782,0.4269,0.41,0.5221,0.4018,0.4131,0.4884,0.4043,0.459,0.3813,0.411,0.4779,0.3581,0.5003,0.4145,0.4681,0.3301,0.4169,0.4234,0.4078,0.5129,0.3616,0.5136,0.3952,0.3113,0.3641,0.4626,0.4179,0.3809,0.4788,0.4847,0.3754,0.43,0.4131,0.4906,0.5672,0.44
0.37,0.4302,0.3861,0.4645,0.4353,0.3294,0.474,0.3968,0.4065,0.4011,0.3927,0.4512,0.4303,0.4601,0.3685,0.4694,0.3757,0.3476,0.4226,0.4201,0.4007,0.4676,0.4566,0.402,0.4432,0.452,0.341,0.3909,0.4345,0.3854,0.3536,0.4413,0.4145,0.4742,0.4508,0.4603,0.4049,0.5081,0.4449,0.4256,0.4038,0.4083,0.4746,0.3335,0.3699,0.4789,0.3786,0.4305,0.4124,0.5253,0.4026,0.415,0.4897,0.4086,0.4631,0.3842,0.4127,0.4796,0.3563,0.5035,0.4176,0.469,0.3344,0.42,0.4263,0.4101,0.5144,0.3616,0.5059,0.4012,0.3133,0.3713,0.465,0.4234,0.3819,0.4811,0.4866,0.3776,0.4328,0.4168,0.4901,0.5691,0.4448
0.38,0.4319,0.3883,0.4679,0.4377,0.331,0.4767,0.399,0.4097,0.4039,0.3949,0.4546,0.4322,0.4621,0.3716,0.4721,0.3788,0.3502,0.4255,0.4223,0.4032,0.4691,0.4592,0.4052,0.4461,0.4552,0.3439,0.3948,0.4363,0.3901,0.3558,0.4442,0.4165,0.4756,0.4539,0.4628,0.4082,0.511,0.4471,0.4281,0.4063,0.4118,0.4766,0.3375,0.3713,0.4823,0.3792,0.434,0.4148,0.5284,0.4037,0.417,0.491,0.4128,0.4671,0.3872,0.4146,0.4814,0.3546,0.5066,0.4208,0.47,0.3387,0.4231,0.4292,0.4124,0.516,0.3617,0.4987,0.4071,0.3154,0.3783,0.4673,0.4288,0.3831,0.4835,0.4886,0.3799,0.4356,0.4205,0.4897,0.571,0.4496
0.39,0.4338,0.3904,0.4713,0.4402,0.3326,0.4794,0.4013,0.4128,0.4068,0.3973,0.458,0.4341,0.4641,0.3747,0.4748,0.382,0.3528,0.4283,0.4246,0.4058,0.4707,0.4618,0.4085,0.449,0.4585,0.3468,0.3988,0.4382,0.3949,0.3583,0.4471,0.4186,0.4772,0.4569,0.4653,0.4114,0.5138,0.4493,0.4306,0.4088,0.4153,0.4786,0.3414,0.3727,0.4858,0.38,0.4376,0.4172,0.5315,0.4048,0.4191,0.4923,0.417,0.4712,0.3902,0.4165,0.4831,0.353,0.5097,0.4239,0.471,0.343,0.4263,0.4321,0.4147,0.5175,0.3621,0.4921,0.4129,0.3177,0.3852,0.4696,0.4343,0.3845,0.4859,0.4905,0.3823,0.4384,0.4242,0.4895,0.573,0.4544
0.4,0.4358,0.3925,0.4747,0.4426,0.3343,0.4821,0.4035,0.416,0.4096,0.3997,0.4614,0.4361,0.4662,0.3779,0.4775,0.3851,0.3554,0.4313,0.4268,0.4084,0.4723,0.4643,0.4119,0.452,0.4618,0.3498,0.4028,0.4401,0.3997,0.361,0.4499,0.4207,0.4788,0.4599,0.4677,0.4146,0.5167,0.4516,0.4331,0.4115,0.4188,0.4807,0.3454,0.3742,0.4893,0.3809,0.4411,0.4196,0.5347,0.4062,0.4212,0.4935,0.4213,0.4753,0.3934,0.4186,0.4848,0.3515,0.5129,0.4271,0.4722,0.3473,0.4294,0.4351,0.417,0.5191,0.3626,0.4859,0.4186,0.3202,0.392,0.472,0.4398,0.3862,0.4882,0.4924,0.3849,0.4412,0.4279,0.4894,0.5749,0.4592
0.41000000000000003,0.4378,0.3947,0.478,0.4451,0.3361,0.4848,0.4058,0.4192,0.4125,0.4023,0.4648,0.4382,0.4683,0.381,0.4802,0.3882,0.3581,0.4343,0.4291,0.411,0.4741,0.4669,0.4153,0.4549,0.465,0.3529,0.4068,0.4422,0.4044,0.3638,0.4528,0.423,0.4806,0.4629,0.4702,0.4179,0.5196,0.4539,0.4357,0.4141,0.4223,0.4829,0.3493,0.3758,0.4927,0.382,0.4447,0.422,0.5378,0.4077,0.4235,0.4948,0.4255,0.4793,0.3966,0.4209,0.4865,0.3502,0.516,0.4302,0.4735,0.3516,0.4325,0.438,0.4193,0.5206,0.3633,0.4803,0.4242,0.3229,0.3987,0.4743,0.4453,0.388,0.4906,0.4944,0.3875,0.444,0.4316,0.4895,0.5768,0.464
0.42,0.4399,0.3968,0.4813,0.4477,0.3379,0.4875,0.4081,0.4224,0.4153,0.4049,0.4682,0.4403,0.4705,0.3842,0.4829,0.3914,0.3607,0.4373,0.4314,0.4136,0.476,0.4695,0.4188,0.4578,0.4683,0.356,0.4107,0.4443,0.4092,0.3669,0.4557,0.4253,0.4825,0.4659,0.4727,0.4211,0.5225,0.4562,0.4384,0.4169,0.4258,0.4851,0.3533,0.3774,0.4962,0.3832,0.4482,0.4244,0.5409,0.4094,0.4258,0.4961,0.4297,0.4834,0.3999,0.4232,0.4883,0.349,0.5192,0.4333,0.4748,0.3559,0.4356,0.4409,0.4217,0.5222,0.3642,0.4751,0.4297,0.3257,0.4052,0.4766,0.4508,0.39,0.493,0.4963,0.3902,0.4468,0.4353,0.4897,0.5788,0.4688
0.43,0.4422,0.3989,0.4846,0.4502,0.3398,0.4902,0.4103,0.4255,0.4182,0.4076,0.4716,0.4424,0.4727,0.3873,0.4856,0.3945,0.3633,0.4404,0.4336,0.4162,0.4779,0.472,0.4223,0.4607,0.4716,0.3593,0.4147,0.4465,0.414,0.3701,0.4586,0.4277,0.4845,0.4689,0.4752,0.4244,0.5254,0.4586,0.4411,0.4197,0.4294,0.4874,0.3572,0.3791,0.4997,0.3846,0.4517,0.4267,0.544,0.4112,0.4282,0.4974,0.434,0.4874,0.4033,0.4257,0.49,0.348,0.5223,0.4365,0.4763,0.3602,0.4387,0.4438,0.424,0.5238,0.3652,0.4704,0.4351,0.3287,0.4117,0.479,0.4563,0.3922,0.4953,0.4983,0.393,0.4496,0.4391,0.4901,0.5807,0.4736
0.44,0.4445,0.4011,0.4879,0.4528,0.3417,0.4929,0.4126,0.4287,0.421,0.4104,0.475,0.4446,0.475,0.3905,0.4883,0.3977,0.3659,0.4436,0.4359,0.4188,0.4799,0.4746,0.4259,0.4636,0.4749,0.3625,0.4187,0.4488,0.4188,0.3736,0.4614,0.4302,0.4866,0.472,0.4777,0.4276,0.5283,0.4611,0.4439,0.4226,0.4329,0.4898,0.3612,0.3809,0.5031,0.3862,0.4553,0.4291,0.5472,0.4132,0.4307,0.4987,0.4382,0.4915,0.4068,0.4284,0.4917,0.3471,0.5254,0.4396,0.4778,0.3645,0.4418,0.4468,0.4263,0.5253,0.3664,0.4662,0.4404,0.332,0.418,0.4813,0.4617,0.3946,0.4977,0.5002,0.396,0.4523,0.4428,0.4905,0.5827,0.4784
0.45,0.4468,0.4032,0.4911,0.4555,0.3437,0.4956,0.4149,0.4319,0.4239,0.4133,0.4784,0.4469,0.4773,0.3936,0.491,0.4008,0.3685,0.4468,0.4382,0.4214,0.4821,0.4772,0.4295,0.4666,0.4781,0.3659,0.4227,0.4511,0.4235,0.3772,0.4643,0.4327,0.4888,0.475,0.4801,0.4309,0.5312,0.4636,0.4467,0.4255,0.4364,0.4923,0.3651,0.3827,0.5066,0.3879,0.4588,0.4315,0.5503,0.4153,0.4333,0.5,0.4425,0.4955,0.4104,0.4311,0.4934,0.3463,0.5286,0.4428,0.4795,0.3688,0.4449,0.4497,0.4286,0.5269,0.3678,0.4625,0.4456,0.3353,0.4242,0.4837,0.4672,0.3972,0.5,0.5022,0.399,0.4551,0.4465,0.4912,0.5846,0.4832
0.46,0.4493,0.4053,0.4944,0.4581,0.3458,0.4983,0.4171,0.4351,0.4268,0.4163,0.4818,0.4493,0.4797,0.3968,0.4937,0.4039,0.3712,0.4501,0.4404,0.424,0.4843,0.4797,0.4332,0.4695,0.4814,0.3693,0.4266,0.4536,0.4283,0.3811,0.4672,0.4354,0.4912,0.478,0.4826,0.4341,0.5341,0.4661,0.4496,0.4285,0.4399,0.4949,0.3691,0.3846,0.5101,0.3898,0.4624,0.4339,0.5534,0.4176,0.436,0.5013,0.4467,0.4996,0.4141,0.434,0.4952,0.3457,0.5317,0.4459,0.4812,0.3731,0.448,0.4526,0.4309,0.5284,0.3694,0.4593,0.4507,0.3389,0.4303,0.486,0.4727,0.4,0.5024,0.5041,0.4021,0.4579,0.4502,0.4919,0.5865,0.488
0.47000000000000003,0.4518,0.4075,0.4976,0.4608,0.3479,0.501,0.4194,0.4382,0.4296,0.4193,0.4852,0.4517,0.4821,0.3999,0.4964,0.4071,0.3738,0.4534,0.4427,0.4265,0.4866,0.4823,0.4369,0.4724,0.4847,0.3728,0.4306,0.4561,0.4331,0.3851,0.4701,0.4381,0.4936,0.481,0.4851,0.4373,0.537,0.4687,0.4526,0.4316,0.4434,0.4975,0.3731,0.3866,0.5135,0.3919,0.4659,0.4363,0.5566,0.4201,0.4388,0.5025,0.4509,0.5037,0.4178,0.4371,0.4969,0.3452,0.5349,0.4491,0.4831,0.3774,0.4511,0.4555,0.4332,0.53,0.3712,0.4566,0.4557,0.3427,0.4363,0.4883,0.4782,0.403,0.5048,0.5061,0.4054,0.4607,0.4539,0.4928,0.5885,0.4928
0.48,0.4545,0.4096,0.5007,0.4636,0.3501,0.5037,0.4216,0.4414,0.4325,0.4225,0.4886,0.4541,0.4846,0.4031,0.499,0.4102,0.3764,0.4568,0.4449,0.4291,0.489,0.4849,0.4407,0.4753,0.4879,0.3763,0.4346,0.4587,0.4379,0.3893,0.473,0.4409,0.4962,0.484,0.4876,0.4406,0.5399,0.4714,0.4556,0.4347,0.4469,0.5002,0.377,0.3886,0.517,0.3941,0.4694,0.4387,0.5597,0.4227,0.4416,0.5038,0.4552,0.5077,0.4217,0.4403,0.4986,0.3448,0.538,0.4522,0.485,0.3817,0.4542,0.4585,0.4355,0.5315,0.3731,0.4544,0.4606,0.3466,0.4421,0.4907,0.4837,0.4062,0.5071,0.508,0.4087,0.4635,0.4576,0.4939,0.5904,0.4976
0.49,0.4572,0.4117,0.5039,0.4664,0.3523,0.5064,0.4239,0.4446,0.4353,0.4257,0.492,0.4566,0.4871,0.4062,0.5017,0.4133,0.379,0.4602,0.4472,0.4317,0.4914,0.4874,0.4445,0.4782,0.4912,0.38,0.4386,0.4613,0.4426,0.3937,0.4758,0.4438,0.4989,0.487,0.49,0.4438,0.5428,0.4741,0.4587,0.4379,0.4504,0.5029,0.381,0.3908,0.5204,0.3965,0.473,0.4411,0.5628,0.4255,0.4446,0.5051,0.4594,0.5118,0.4256,0.4436,0.5004,0.3446,0.5411,0.4554,0.4871,0.386,0.4573,0.4614,0.4379,0.5331,0.3752,0.4527,0.4654,0.3507,0.4479,0.493,0.4891,0.4095,0.5095,0.5099,0.4122,0.4663,0.4614,0.4951,0.5923,0.5025
0.5,0.46,0.4139,0.507,0.4692,0.3547,0.5091,0.4262,0.4478,0.4382,0.429,0.4954,0.4592,0.4897,0.4093,0.5044,0.4165,0.3816,0.4638,0.4495,0.4343,0.494,0.49,0.4484,0.4812,0.4945,0.3836,0.4425,0.4641,0.4474,0.3984,0.4787,0.4468,0.5017,0.4901,0.4925,0.4471,0.5457,0.4768,0.4618,0.4412,0.4539,0.5058,0.3849,0.3929,0.5239,0.3991,0.4765,0.4435,0.566,0.4284,0.4476,0.5064,0.4636,0.5158,0.4296,0.447,0.5021,0.3445,0.5443,0.4585,0.4892,0.3903,0.4604,0.4643,0.4402,0.5346,0.3775,0.4515,0.4701,0.355,0.4535,0.4954,0.4946,0.4131,0.5118,0.5119,0.4157,0.4691,0.4651,0.4964,0.5943,0.5073
0.51,0.4629,0.416,0.5101,0.472,0.357,0.5117,0.4284,0.4509,0.441,0.4324,0.4988,0.4618,0.4924,0.4125,0.5071,0.4196,0.3842,0.4673,0.4517,0.4369,0.4967,0.4926,0.4524,0.4841,0.4978,0.3874,0.4465,0.4669,0.4522,0.4032,0.4816,0.4498,0.5046,0.4931,0.495,0.4503,0.5486,0.4796,0.465,0.4445,0.4574,0.5087,0.3889,0.3952,0.5274,0.4018,0.4801,0.4459,0.5691,0.4315,0.4507,0.5077,0.4679,0.5199,0.4337,0.4506,0.5038,0.3445,0.5474,0.4616,0.4915,0.3946,0.4635,0.4672,0.4425,0.5362,0.38,0.4508,0.4747,0.3595,0.459,0.4977,0.5001,0.4169,0.5142,0.5138,0.4194,0.4719,0.4688,0.4979,0.5962,0.5121
0.52,0.4658,0.4181,0.5132,0.4749,0.3595,0.5144,0.4307,0.4541,0.4439,0.4359,0.5022,0.4645,0.4951,0.4156,0.5098,0.4227,0.3869,0.4709,0.454,0.4395,0.4994,0.4951,0.4564,0.487,0.501,0.3912,0.4505,0.4698,0.457,0.4082,0.4845,0.453,0.5076,0.4961,0.4975,0.4536,0.5515,0.4824,0.4683,0.4479,0.4609,0.5117,0.3928,0.3975,0.5308,0.4047,0.4836,0.4483,0.5722,0.4348,0.4539,0.509,0.4721,0.524,0.4379,0.4543,0.5055,0.3447,0.5506,0.4648,0.4938,0.3989,0.4666,0.4702,0.4448,0.5378,0.3827,0.4506,0.4792,0.3641,0.4644,0.5,0.5056,0.4209,0.5166,0.5158,0.4232,0.4746,0.4725,0.4995,0.5981,0.5169
0.53,0.4689,0.4203,0.5162,0.4778,0.362,0.5171,0.4329,0.4573,0.4467,0.4395,0.5056,0.4672,0.4978,0.4188,0.5125,0.4259,0.3895,0.4746,0.4563,0.4421,0.5022,0.4977,0.4605,0.4899,0.5043,0.3951,0.4545,0.4728,0.4617,0.4134,0.4873,0.4562,0.5108,0.4991,0.5,0.4568,0.5544,0.4853,0.4716,0.4514,0.4644,0.5147,0.3968,0.3999,0.5343,0.4078,0.4871,0.4507,0.5753,0.4382,0.4572,0.5102,0.4763,0.528,0.4422,0.4582,0.5073,0.345,0.5537,0.4679,0.4963,0.4032,0.4697,0.4731,0.4471,0.5393,0.3855,0.4508,0.4836,0.3689,0.4696,0.5024,0.5111,0.4251,0.5189,0.5177,0.427,0.4774,0.4762,0.5012,0.6001,0.5217
0.54,0.472,0.4224,0.5192,0.4807,0.3646,0.5198,0.4352,0.4605,0.4496,0.4432,0.509,0.47,0.5006,0.4219,0.5152,0.429,0.3921,0.4784,0.4585,0.4447,0.5051,0.5003,0.4646,0.4928,0.5076,0.3991,0.4584,0.4759,0.4665,0.4188,0.4902,0.4595,0.5141,0.5021,0.5024,0.46,0.5573,0.4882,0.475,0.4549,0.4679,0.5179,0.4008,0.4023,0.5378,0.411,0.4907,0.4531,0.5785,0.4418,0.4606,0.5115,0.4806,0.5321,0.4465,0.4622,0.509,0.3454,0.5568,0.4711,0.4988,0.4075,0.4729,0.476,0.4494,0.5409,0.3885,0.4516,0.4879,0.3739,0.4748,0.5047,0.5166,0.4294,0.5213,0.5197,0.431,0.4802,0.4799,0.5031,0.602,0.5265
0.55,0.4753,0.4245,0.5222,0.4837,0.3672,0.5225,0.4375,0.4636,0.4524,0.4469,0.5124,0.4728,0.5035,0.4251,0.5179,0.4321,0.3947,0.4822,0.4608,0.4473,0.5082,0.5028,0.4688,0.4958,0.5109,0.4031,0.4624,0.479,0.4713,0.4244,0.4931,0.4629,0.5174,0.5051,0.5049,0.4633,0.5602,0.4912,0.4784,0.4585,0.4714,0.5211,0.4047,0.4049,0.5412,0.4144,0.4942,0.4554,0.5816,0.4455,0.464,0.5128,0.4848,0.5361,0.451,0.4663,0.5107,0.346,0.56,0.4742,0.5014,0.4118,0.476,0.4789,0.4517,0.5424,0.3917,0.4529,0.4921,0.3791,0.4798,0.507,0.522,0.434,0.5237,0.5216,0.4351,0.483,0.4837,0.5052,0.604,0.5313
0.56,0.4786,0.4267,0.5252,0.4867,0.3699,0.5252,0.4397,0.4668,0.4553,0.4507,0.5158,0.4758,0.5064,0.4282,0.5206,0.4353,0.3973,0.486,0.4631,0.4498,0.5112,0.5054,0.473,0.4987,0.5141,0.4072,0.4664,0.4822,0.4761,0.4302,0.496,0.4663,0.5209,0.5082,0.5074,0.4665,0.5631,0.4942,0.4819,0.4622,0.475,0.5244,0.4087,0.4075,0.5447,0.4179,0.4978,0.4578,0.5847,0.4494,0.4676,0.5141,0.489,0.5402,0.4555,0.4706,0.5124,0.3467,0.5631,0.4774,0.5042,0.4161,0.4791,0.4818,0.454,0.544,0.395,0.4546,0.4963,0.3845,0.4847,0.5094,0.5275,0.4387,0.526,0.5236,0.4393,0.4858,0.4874,0.5073,0.6059,0.5361
0.5700000000000001,0.482,0.4288,0.5282,0.4897,0.3726,0.5279,0.442,0.47,0.4581,0.4547,0.5192,0.4787,0.5093,0.4314,0.5233,0.4384,0.3999,0.4899,0.4653,0.4524,0.5144,0.508,0.4773,0.5016,0.5174,0.4113,0.4704,0.4855,0.4808,0.4362,0.4989,0.4699,0.5245,0.5112,0.5099,0.4698,0.566,0.4973,0.4855,0.4659,0.4785,0.5277,0.4126,0.4101,0.5482,0.4217,0.5013,0.4602,0.5879,0.4534,0.4712,0.5154,0.4933,0.5443,0.4601,0.475,0.5142,0.3475,0.5663,0.4805,0.507,0.4204,0.4822,0.4848,0.4564,0.5455,0.3986,0.4569,0.5003,0.39,0.4895,0.5117,0.533,0.4437,0.5284,0.5255,0.4436,0.4886,0.4911,0.5096,0.6078,0.5409
0.58,0.4854,0.4309,0.5311,0.4928,0.3755,0.5306,0.4443,0.4732,0.461,0.4587,0.5226,0.4817,0.5123,0.4345,0.526,0.4416,0.4026,0.4939,0.4676,0.455,0.5177,0.5105,0.4817,0.5045,0.5207,0.4155,0.4743,0.4889,0.4856,0.4424,0.5017,0.4735,0.5282,0.5142,0.5123,0.473,0.5689,0.5004,0.4891,0.4697,0.482,0.5311,0.4166,0.4128,0.5516,0.4256,0.5048,0.4626,0.591,0.4577,0.475,0.5167,0.4975,0.5483,0.4649,0.4795,0.5159,0.3485,0.5694,0.4836,0.5099,0.4247,0.4853,0.4877,0.4587,0.5471,0.4023,0.4596,0.5042,0.3958,0.4942,0.5141,0.5385,0.4489,0.5307,0.5274,0.448,0.4914,0.4948,0.5121,0.6098,0.5457
0.59,0.489,0.4331,0.534,0.4959,0.3784,0.5333,0.4465,0.4764,0.4639,0.4628,0.526,0.4848,0.5154,0.4377,0.5287,0.4447,0.4052,0.498,0.4698,0.4576,0.5211,0.5131,0.4861,0.5074,0.5239,0.4198,0.4783,0.4924,0.4904,0.4488,0.5046,0.4772,0.5321,0.5172,0.5148,0.4763,0.5718,0.5036,0.4928,0.4735,0.4855,0.5346,0.4205,0.4156,0.5551,0.4296,0.5084,0.465,0.5941,0.462,0.4788,0.5179,0.5017,0.5524,0.4696,0.4842,0.5176,0.3496,0.5725,0.4868,0.5129,0.429,0.4884,0.4906,0.461,0.5487,0.4062,0.4629,0.508,0.4017,0.4988,0.5164,0.544,0.4542,0.5331,0.5294,0.4525,0.4942,0.4985,0.5147,0.6117,0.5505
0.6,0.4926,0.4352,0.5369,0.4991,0.3813,0.536,0.4488,0.4795,0.4667,0.467,0.5294,0.488,0.5185,0.4408,0.5313,0.4478,0.4078,0.502,0.4721,0.4602,0.5245,0.5157,0.4905,0.5104,0.5272,0.4242,0.4823,0.4959,0.4952,0.4554,0.5075,0.481,0.536,0.5202,0.5173,0.4795,0.5747,0.5068,0.4965,0.4775,0.489,0.5382,0.4245,0.4185,0.5585,0.4338,0.5119,0.4674,0.5972,0.4666,0.4827,0.5192,0.506,0.5564,0.4745,0.489,0.5194,0.3508,0.5757,0.4899,0.5161,0.4333,0.4915,0.4935,0.4633,0.5502,0.4102,0.4666,0.5117,0.4078,0.5032,0.5187,0.5494,0.4598,0.5355,0.5313,0.4571,0.497,0.5022,0.5174,0.6136,0.5553
0.61,0.4964,0.4373,0.5397,0.5022,0.3843,0.5387,0.451,0.4827,0.4696,0.4712,0.5328,0.4911,0.5217,0.4439,0.534,0.451,0.4104,0.5062,0.4744,0.4628,0.5281,0.5182,0.495,0.5133,0.5305,0.4286,0.4863,0.4995,0.4999,0.4622,0.5104,0.4849,0.5401,0.5232,0.5198,0.4827,0.5776,0.51,0.5003,0.4815,0.4925,0.5419,0.4284,0.4214,0.562,0.4382,0.5155,0.4698,0.6004,0.4713,0.4867,0.5205,0.5102,0.5605,0.4795,0.4939,0.5211,0.3522,0.5788,0.4931,0.5193,0.4376,0.4946,0.4965,0.4656,0.5518,0.4145,0.4708,0.5154,0.414,0.5075,0.5211,0.5549,0.4655,0.5378,0.5333,0.4618,0.4997,0.5059,0.5203,0.6156,0.5601
0.62,0.5002,0.4395,0.5426,0.5054,0.3874,0.5414,0.4533,0.4859,0.4724,0.4756,0.5362,0.4944,0.5249,0.4471,0.5367,0.4541,0.413,0.5104,0.4766,0.4654,0.5317,0.5208,0.4996,0.5162,0.5338,0.4331,0.4902,0.5032,0.5047,0.4691,0.5133,0.4889,0.5442,0.5263,0.5223,0.486,0.5804,0.5134,0.5042,0.4855,0.496,0.5456,0.4324,0.4244,0.5655,0.4427,0.519,0.4722,0.6035,0.4761,0.4907,0.5218,0.5144,0.5645,0.4846,0.499,0.5228,0.3537,0.582,0.4962,0.5226,0.4419,0.4977,0.4994,0.4679,0.5533,0.4189,0.4756,0.5189,0.4205,0.5117,0.5234,0.5604,0.4714,0.5402,0.5352,0.4666,0.5025,0.5097,0.5233,0.6175,0.5649
0.63,0.5041,0.4416,0.5454,0.5087,0.3905,0.5441,0.4556,0.4891,0.4753,0.48,0.5397,0.4977,0.5282,0.4502,0.5394,0.4572,0.4157,0.5147,0.4789,0.468,0.5354,0.5234,0.5042,0.5191,0.537,0.4377,0.4942,0.507,0.5095,0.4763,0.5161,0.4929,0.5485,0.5293,0.5247,0.4892,0.5833,0.5167,0.5081,0.4896,0.4995,0.5494,0.4364,0.4275,0.5689,0.4474,0.5225,0.4746,0.6066,0.4811,0.4949,0.5231,0.5187,0.5686,0.4897,0.5042,0.5245,0.3553,0.5851,0.4994,0.526,0.4462,0.5008,0.5023,0.4702,0.5549,0.4235,0.4808,0.5223,0.4271,0.5158,0.5258,0.5659,0.4776,0.5425,0.5372,0.4715,0.5053,0.5134,0.5264,0.6195,0.5697
0.64,0.5081,0.4437,0.5481,0.512,0.3937,0.5468,0.4578,0.4922,0.4781,0.4846,0.5431,0.5011,0.5315,0.4534,0.5421,0.4604,0.4183,0.519,0.4812,0.4706,0.5392,0.5259,0.5089,0.5221,0.5403,0.4423,0.4982,0.5108,0.5143,0.4837,0.519,0.497,0.5529,0.5323,0.5272,0.4925,0.5862,0.5201,0.5121,0.4938,0.503,0.5533,0.4403,0.4306,0.5724,0.4523,0.5261,0.477,0.6098,0.4863,0.4991,0.5244,0.5229,0.5727,0.4949,0.5096,0.5263,0.3571,0.5882,0.5025,0.5296,0.4505,0.5039,0.5052,0.4726,0.5564,0.4283,0.4865,0.5257,0.4339,0.5198,0.5281,0.5714,0.4839,0.5449,0.5391,0.4765,0.5081,0.5171,0.5297,0.6214,0.5745
0.65,0.5121,0.4458,0.5509,0.5153,0.397,0.5495,0.4601,0.4954,0.481,0.4892,0.5465,0.5045,0.5349,0.4565,0.5448,0.4635,0.4209,0.5234,0.4834,0.4732,0.5431,0.5285,0.5136,0.525,0.5436,0.447,0.5022,0.5148,0.519,0.4913,0.5219,0.5012,0.5574,0.5353,0.5297,0.4957,0.5891,0.5236,0.5161,0.4981,0.5065,0.5572,0.4443,0.4338,0.5759,0.4574,0.5296,0.4794,0.6129,0.4916,0.5035,0.5256,0.5272,0.5767,0.5002,0.515,0.528,0.359,0.5914,0.5057,0.5332,0.4548,0.507,0.5082,0.4749,0.558,0.4332,0.4927,0.5289,0.4409,0.5236,0.5304,0.5769,0.4904,0.5473,0.5411,0.4816,0.5109,0.5208,0.5332,0.6233,0.5793
0.66,0.5163,0.448,0.5536,0.5186,0.4003,0.5522,0.4624,0.4986,0.4838,0.4939,0.5499,0.508,0.5383,0.4597,0.5475,0.4666,0.4235,0.5278,0.4857,0.4757,0.5471,0.5311,0.5184,0.5279,0.5469,0.4518,0.5061,0.5188,0.5238,0.499,0.5248,0.5055,0.5621,0.5383,0.5322,0.499,0.592,0.5271,0.5202,0.5024,0.51,0.5612,0.4482,0.4371,0.5793,0.4626,0.5332,0.4818,0.616,0.4971,0.5079,0.5269,0.5314,0.5808,0.5056,0.5207,0.5297,0.361,0.5945,0.5088,0.5369,0.4591,0.5101,0.5111,0.4772,0.5596,0.4384,0.4994,0.532,0.448,0.5274,0.5328,0.5823,0.4972,0.5496,0.543,0.4869,0.5137,0.5245,0.5367,0.6253,0.5841
0.67,0.5205,0.4501,0.5563,0.522,0.4037,0.5549,0.4646,0.5018,0.4867,0.4987,0.5533,0.5115,0.5418,0.4628,0.5502,0.4698,0.4261,0.5323,0.4879,0.4783,0.5511,0.5336,0.5232,0.5308,0.5501,0.4566,0.5101,0.5229,0.5286,0.507,0.5276,0.5099,0.5668,0.5413,0.5346,0.5022,0.5949,0.5306,0.5244,0.5068,0.5135,0.5653,0.4522,0.4405,0.5828,0.4679,0.5367,0.4841,0.6191,0.5027,0.5124,0.5282,0.5356,0.5848,0.5111,0.5264,0.5315,0.3632,0.5977,0.5119,0.5407,0.4634,0.5132,0.514,0.4795,0.5611,0.4437,0.5066,0.5351,0.4554,0.531,0.5351,0.5878,0.5041,0.552,0.5449,0.4922,0.5165,0.5282,0.5405,0.6272,0.589
0.68,0.5248,0.4522,0.559,0.5254,0.4071,0.5576,0.4669,0.5049,0.4895,0.5035,0.5567,0.5151,0.5453,0.466,0.5529,0.4729,0.4287,0.5369,0.4902,0.4809,0.5553,0.5362,0.5281,0.5337,0.5534,0.4615,0.5141,0.527,0.5334,0.5151,0.5305,0.5143,0.5717,0.5444,0.5371,0.5054,0.5978,0.5342,0.5286,0.5112,0.517,0.5695,0.4561,0.4439,0.5862,0.4735,0.5403,0.4865,0.6223,0.5085,0.517,0.5295,0.5399,0.5889,0.5167,0.5323,0.5332,0.3655,0.6008,0.5151,0.5446,0.4677,0.5164,0.5169,0.4818,0.5627,0.4492,0.5143,0.538,0.4629,0.5345,0.5374,0.5933,0.5112,0.5544,0.5469,0.4976,0.5193,0.532,0.5443,0.6291,0.5938
0.6900000000000001,0.5292,0.4544,0.5617,0.5289,0.4106,0.5603,0.4691,0.5081,0.4924,0.5085,0.5601,0.5187,0.5489,0.4691,0.5556,0.476,0.4314,0.5415,0.4925,0.4835,0.5595,0.5388,0.5331,0.5367,0.5567,0.4665,0.518,0.5313,0.5381,0.5235,0.5334,0.5189,0.5767,0.5474,0.5396,0.5087,0.6007,0.5378,0.5329,0.5157,0.5205,0.5737,0.4601,0.4473,0.5897,0.4792,0.5438,0.4889,0.6254,0.5145,0.5217,0.5308,0.5441,0.593,0.5224,0.5383,0.5349,0.368,0.6039,0.5182,0.5486,0.472,0.5195,0.5199,0.4841,0.5642,0.4548,0.5225,0.5408,0.4706,0.5379,0.5398,0.5988,0.5185,0.5567,0.5488,0.5032,0.522,0.5357,0.5483,0.6311,0.5986
0.7000000000000001,0.5337,0.4565,0.5643,0.5324,0.4142,0.563,0.4714,0.5113,0.4952,0.5136,0.5635,0.5225,0.5526,0.4723,0.5583,0.4792,0.434,0.5461,0.4947,0.4861,0.5639,0.5413,0.5381,0.5396,0.5599,0.4715,0.522,0.5356,0.5429,0.532,0.5363,0.5235,0.5817,0.5504,0.5421,0.5119,0.6036,0.5415,0.5372,0.5203,0.5241,0.5781,0.4641,0.4509,0.5932,0.485,0.5473,0.4913,0.6285,0.5206,0.5265,0.5321,0.5483,0.597,0.5281,0.5445,0.5366,0.3706,0.6071,0.5214,0.5527,0.4763,0.5226,0.5228,0.4864,0.5658,0.4607,0.5312,0.5436,0.4785,0.5411,0.5421,0.6043,0.5261,0.5591,0.5508,0.5088,0.5248,0.5394,0.5524,0.633,0.6034
0.71,0.5383,0.4586,0.5669,0.5359,0.4178,0.5657,0.4737,0.5145,0.4981,0.5187,0.5669,0.5262,0.5563,0.4754,0.561,0.4823,0.4366,0.5509,0.497,0.4887,0.5683,0.5439,0.5431,0.5425,0.5632,0.4766,0.526,0.54,0.5477,0.5408,0.5392,0.5282,0.5869,0.5534,0.5446,0.5152,0.6065,0.5453,0.5416,0.5249,0.5276,0.5825,0.468,0.4545,0.5966,0.4911,0.5509,0.4937,0.6317,0.5269,0.5313,0.5333,0.5526,0.6011,0.5339,0.5508,0.5384,0.3733,0.6102,0.5245,0.5569,0.4806,0.5257,0.5257,0.4887,0.5673,0.4667,0.5404,0.5462,0.4866,0.5443,0.5445,0.6097,0.5338,0.5614,0.5527,0.5146,0.5276,0.5431,0.5567,0.635,0.6082
0.72,0.543,0.4608,0.5695,0.5394,0.4215,0.5684,0.4759,0.5176,0.5009,0.5239,0.5703,0.53,0.56,0.4785,0.5636,0.4854,0.4392,0.5557,0.4993,0.4913,0.5728,0.5465,0.5482,0.5454,0.5665,0.4818,0.53,0.5445,0.5525,0.5497,0.542,0.533,0.5923,0.5564,0.547,0.5184,0.6094,0.549,0.546,0.5296,0.5311,0.5869,0.472,0.4582,0.6001,0.4973,0.5544,0.4961,0.6348,0.5334,0.5363,0.5346,0.5568,0.6051,0.5399,0.5572,0.5401,0.3761,0.6134,0.5277,0.5612,0.4849,0.5288,0.5286,0.4911,0.5689,0.4729,0.5501,0.5488,0.4948,0.5473,0.5468,0.6152,0.5417,0.5638,0.5547,0.5204,0.5304,0.5468,0.5611,0.6369,0.613
0.73,0.5477,0.4629,0.572,0.543,0.4253,0.5711,0.4782,0.5208,0.5038,0.5292,0.5737,0.5339,0.5638,0.4817,0.5663,0.4886,0.4418,0.5605,0.5015,0.4939,0.5774,0.549,0.5534,0.5483,0.5698,0.487,0.5339,0.549,0.5572,0.5588,0.5449,0.5378,0.5977,0.5594,0.5495,0.5216,0.6123,0.5529,0.5506,0.5344,0.5346,0.5915,0.4759,0.4619,0.6036,0.5036,0.558,0.4985,0.6379,0.54,0.5413,0.5359,0.561,0.6092,0.5459,0.5638,0.5418,0.3791,0.6165,0.5308,0.5656,0.4891,0.5319,0.5315,0.4934,0.5705,0.4793,0.5602,0.5512,0.5032,0.5502,0.5491,0.6207,0.5498,0.5662,0.5566,0.5264,0.5332,0.5505,0.5657,0.6388,0.6178
0.74,0.5525,0.465,0.5746,0.5466,0.4291,0.5738,0.4804,0.524,0.5067,0.5346,0.5771,0.5379,0.5676,0.4848,0.569,0.4917,0.4445,0.5654,0.5038,0.4965,0.5821,0.5516,0.5586,0.5513,0.573,0.4923,0.5379,0.5537,0.562,0.5682,0.5478,0.5428,0.6032,0.5625,0.552,0.5249,0.6152,0.5568,0.5551,0.5392,0.5381,0.5961,0.4799,0.4658,0.607,0.5101,0.5615,0.5009,0.641,0.5467,0.5464,0.5372,0.5653,0.6132,0.552,0.5705,0.5435,0.3822,0.6196,0.534,0.5701,0.4934,0.535,0.5345,0.4957,0.572,0.4858,0.5709,0.5536,0.5118,0.553,0.5515,0.6262,0.5581,0.5685,0.5585,0.5324,0.536,0.5543,0.5704,0.6408,0.6226
0.75,0.5574,0.4672,0.5771,0.5503,0.433,0.5765,0.4827,0.5272,0.5095,0.5401,0.5805,0.5419,0.5716,0.488,0.5717,0.4949,0.4471,0.5704,0.506,0.499,0.5869,0.5542,0.5639,0.5542,0.5763,0.4977,0.5419,0.5584,0.5668,0.5777,0.5507,0.5478,0.6089,0.5655,0.5545,0.5281,0.6181,0.5607,0.5598,0.5442,0.5416,0.6008,0.4838,0.4696,0.6105,0.5168,0.565,0.5033,0.6442,0.5536,0.5516,0.5385,0.5695,0.6173,0.5581,0.5773,0.5453,0.3855,0.6228,0.5371,0.5747,0.4977,0.5381,0.5374,0.498,0.5736,0.4926,0.5821,0.5558,0.5206,0.5557,0.5538,0.6317,0.5666,0.5709,0.5605,0.5386,0.5388,0.558,0.5752,0.6427,0.6274
0.76,0.5624,0.4693,0.5796,0.554,0.437,0.5792,0.485,0.5303,0.5124,0.5457,0.5839,0.5459,0.5755,0.4911,0.5744,0.498,0.4497,0.5754,0.5083,0.5016,0.5917,0.5567,0.5692,0.5571,0.5796,0.5031,0.5459,0.5632,0.5716,0.5874,0.5536,0.5529,0.6147,0.5685,0.5569,0.5314,0.621,0.5646,0.5644,0.5491,0.5451,0.6055,0.4878,0.4736,0.614,0.5237,0.5686,0.5057,0.6473,0.5607,0.5569,0.5398,0.5737,0.6214,0.5644,0.5843,0.547,0.3888,0.6259,0.5402,0.5794,0.502,0.5412,0.5403,0.5003,0.5751,0.4995,0.5937,0.558,0.5296,0.5583,0.5562,0.6372,0.5753,0.5733,0.5624,0.5449,0.5416,0.5617,0.5802,0.6446,0.6322
0.77,0.5675,0.4714,0.582,0.5577,0.441,0.5819,0.4872,0.5335,0.5152,0.5513,0.5873,0.55,0.5795,0.4943,0.5771,0.5011,0.4523,0.5805,0.5106,0.5042,0.5967,0.5593,0.5746,0.56,0.5828,0.5086,0.5498,0.568,0.5763,0.5973,0.5564,0.5581,0.6205,0.5715,0.5594,0.5346,0.6239,0.5687,0.5692,0.5542,0.5486,0.6103,0.4917,0.4776,0.6174,0.5307,0.5721,0.5081,0.6504,0.568,0.5623,0.541,0.578,0.6254,0.5708,0.5914,0.5487,0.3924,0.6291,0.5434,0.5842,0.5063,0.5443,0.5432,0.5026,0.5767,0.5065,0.6059,0.56,0.5387,0.5607,0.5585,0.6426,0.5842,0.5756,0.5644,0.5513,0.5444,0.5654,0.5853,0.6466,0.637
0.78,0.5727,0.4736,0.5844,0.5614,0.4451,0.5846,0.4895,0.5367,0.5181,0.5571,0.5907,0.5542,0.5836,0.4974,0.5798,0.5043,0.4549,0.5856,0.5128,0.5068,0.6017,0.5619,0.58,0.5629,0.5861,0.5142,0.5538,0.573,0.5811,0.6075,0.5593,0.5634,0.6265,0.5745,0.5619,0.5379,0.6268,0.5727,0.574,0.5593,0.5521,0.6153,0.4957,0.4817,0.6209,0.5379,0.5757,0.5105,0.6536,0.5754,0.5678,0.5423,0.5822,0.6295,0.5772,0.5986,0.5505,0.396,0.6322,0.5465,0.5891,0.5106,0.5474,0.5462,0.5049,0.5782,0.5138,0.6185,0.562,0.548,0.563,0.5608,0.6481,0.5932,0.578,0.5663,0.5577,0.5471,0.5691,0.5906,0.6485,0.6418
0.79,0.5779,0.4757,0.5869,0.5652,0.4492,0.5873,0.4918,0.5399,0.5209,0.5629,0.5941,0.5584,0.5877,0.5006,0.5825,0.5074,0.4575,0.5908,0.5151,0.5094,0.6068,0.5644,0.5855,0.5659,0.5894,0.5198,0.5578,0.578,0.5859,0.6178,0.5622,0.5687,0.6327,0.5775,0.5644,0.5411,0.6297,0.5769,0.5789,0.5644,0.5556,0.6202,0.4997,0.4859,0.6243,0.5453,0.5792,0.5128,0.6567,0.5829,0.5733,0.5436,0.5864,0.6335,0.5837,0.606,0.5522,0.3998,0.6353,0.5497,0.5941,0.5149,0.5505,0.5491,0.5073,0.5798,0.5213,0.6317,0.5638,0.5575,0.5652,0.5632,0.6536,0.6025,0.5803,0.5683,0.5643,0.5499,0.5728,0.596,0.6504,0.6466
0.8,0.5833,0.4778,0.5892,0.569,0.4534,0.59,0.494,0.543,0.5238,0.5688,0.5975,0.5627,0.5919,0.5037,0.5852,0.5105,0.4602,0.596,0.5174,0.512,0.6121,0.567,0.5911,0.5688,0.5927,0.5255,0.5618,0.5831,0.5907,0.6283,0.5651,0.5742,0.6389,0.5805,0.5669,0.5443,0.6326,0.581,0.5838,0.5697,0.5591,0.6253,0.5036,0.4901,0.6278,0.5528,0.5827,0.5152,0.6598,0.5906,0.5789,0.5449,0.5907,0.6376,0.5904,0.6135,0.5539,0.4037,0.6385,0.5528,0.5992,0.5192,0.5536,0.552,0.5096,0.5814,0.5289,0.6453,0.5656,0.5672,0.5673,0.5655,0.6591,0.612,0.5827,0.5702,0.571,0.5527,0.5765,0.6015,0.6524,0.6514
0.81,0.5887,0.48,0.5916,0.5729,0.4577,0.5927,0.4963,0.5462,0.5266,0.5748,0.6009,0.567,0.5961,0.5069,0.5879,0.5137,0.4628,0.6013,0.5196,0.5146,0.6174,0.5696,0.5967,0.5717,0.5959,0.5313,0.5657,0.5883,0.5954,0.639,0.5679,0.5797,0.6452,0.5836,0.5693,0.5476,0.6355,0.5852,0.5888,0.5749,0.5626,0.6304,0.5076,0.4944,0.6313,0.5604,0.5863,0.5176,0.663,0.5985,0.5847,0.5462,0.5949,0.6417,0.5971,0.6212,0.5556,0.4078,0.6416,0.556,0.6044,0.5235,0.5567,0.5549,0.5119,0.5829,0.5367,0.6595,0.5673,0.5771,0.5693,0.5678,0.6646,0.6217,0.5851,0.5722,0.5778,0.5555,0.5803,0.6072,0.6543,0.6562
0.8200000000000001,0.5942,0.4821,0.5939,0.5768,0.462,0.5954,0.4985,0.5494,0.5295,0.5809,0.6043,0.5714,0.6003,0.51,0.5906,0.5168,0.4654,0.6067,0.5219,0.5172,0.6228,0.5722,0.6024,0.5746,0.5992,0.5371,0.5697,0.5936,0.6002,0.6499,0.5708,0.5853,0.6517,0.5866,0.5718,0.5508,0.6384,0.5895,0.5938,0.5803,0.5661,0.6356,0.5115,0.4987,0.6347,0.5683,0.5898,0.52,0.6661,0.6066,0.5905,0.5475,0.5991,0.6457,0.6038,0.6289,0.5574,0.412,0.6448,0.5591,0.6097,0.5278,0.5599,0.5579,0.5142,0.5845,0.5446,0.6741,0.5688,0.5871,0.5711,0.5702,0.67,0.6316,0.5874,0.5741,0.5847,0.5583,0.584,0.613,0.6563,0.661
0.8300000000000001,0.5998,0.4842,0.5962,0.5807,0.4664,0.5981,0.5008,0.5526,0.5323,0.5871,0.6077,0.5759,0.6047,0.5131,0.5932,0.5199,0.468,0.6121,0.5241,0.5198,0.6282,0.5747,0.6081,0.5775,0.6025,0.543,0.5737,0.5989,0.605,0.661,0.5737,0.591,0.6583,0.5896,0.5743,0.5541,0.6413,0.5938,0.599,0.5857,0.5696,0.6409,0.5155,0.5032,0.6382,0.5763,0.5934,0.5224,0.6692,0.6147,0.5964,0.5488,0.6034,0.6498,0.6107,0.6369,0.5591,0.4163,0.6479,0.5623,0.615,0.5321,0.563,0.5608,0.5165,0.586,0.5528,0.6892,0.5703,0.5973,0.5729,0.5725,0.6755,0.6416,0.5898,0.576,0.5917,0.5611,0.5877,0.619,0.6582,0.6658
0.84,0.6054,0.4864,0.5985,0.5847,0.4708,0.6008,0.5031,0.5557,0.5352,0.5934,0.6111,0.5804,0.609,0.5163,0.5959,0.5231,0.4706,0.6176,0.5264,0.5224,0.6338,0.5773,0.6139,0.5805,0.6058,0.549,0.5777,0.6044,0.6097,0.6723,0.5766,0.5967,0.665,0.5926,0.5768,0.5573,0.6442,0.5981,0.6041,0.5912,0.5732,0.6462,0.5194,0.5077,0.6417,0.5845,0.5969,0.5248,0.6723,0.6231,0.6024,0.55,0.6076,0.6538,0.6177,0.6449,0.5608,0.4207,0.651,0.5654,0.6205,0.5364,0.5661,0.5637,0.5188,0.5876,0.5611,0.7048,0.5717,0.6077,0.5745,0.5749,0.681,0.6519,0.5921,0.578,0.5988,0.5639,0.5914,0.6251,0.6601,0.6706
0.85,0.6112,0.4885,0.6008,0.5887,0.4754,0.6035,0.5053,0.5589,0.538,0.5997,0.6145,0.5849,0.6135,0.5194,0.5986,0.5262,0.4732,0.6232,0.5287,0.5249,0.6395,0.5799,0.6197,0.5834,0.609,0.555,0.5816,0.6099,0.6145,0.6838,0.5795,0.6026,0.6718,0.5956,0.5792,0.5606,0.647,0.6025,0.6094,0.5968,0.5767,0.6517,0.5234,0.5122,0.6451,0.5928,0.6004,0.5272,0.6755,0.6316,0.6085,0.5513,0.6119,0.6579,0.6247,0.6531,0.5626,0.4253,0.6542,0.5685,0.6261,0.5407,0.5692,0.5666,0.5211,0.5891,0.5696,0.721,0.5729,0.6183,0.576,0.5772,0.6865,0.6624,0.5945,0.5799,0.606,0.5667,0.5951,0.6313,0.6621,0.6755
0.86,0.617,0.4906,0.603,0.5927,0.4799,0.6062,0.5076,0.5621,0.5409,0.6061,0.6179,0.5896,0.618,0.5226,0.6013,0.5293,0.4759,0.6288,0.5309,0.5275,0.6452,0.5824,0.6256,0.5863,0.6123,0.5612,0.5856,0.6154,0.6193,0.6955,0.5823,0.6085,0.6787,0.5986,0.5817,0.5638,0.6499,0.607,0.6146,0.6024,0.5802,0.6572,0.5274,0.5169,0.6486,0.6013,0.604,0.5296,0.6786,0.6403,0.6146,0.5526,0.6161,0.662,0.6319,0.6614,0.5643,0.43,0.6573,0.5717,0.6318,0.545,0.5723,0.5696,0.5235,0.5907,0.5783,0.7376,0.5741,0.629,0.5774,0.5795,0.692,0.673,0.5969,0.5819,0.6133,0.5695,0.5988,0.6377,0.664,0.6803
0.87,0.6229,0.4928,0.6052,0.5967,0.4846,0.6089,0.5099,0.5653,0.5438,0.6127,0.6213,0.5942,0.6225,0.5257,0.604,0.5325,0.4785,0.6344,0.5332,0.5301,0.6511,0.585,0.6315,0.5892,0.6156,0.5673,0.5896,0.6211,0.6241,0.7073,0.5852,0.6145,0.6857,0.6017,0.5842,0.567,0.6528,0.6115,0.62,0.6081,0.5837,0.6627,0.5313,0.5216,0.652,0.61,0.6075,0.532,0.6817,0.6491,0.6209,0.5539,0.6203,0.666,0.6391,0.6699,0.566,0.4349,0.6605,0.5748,0.6376,0.5493,0.5754,0.5725,0.5258,0.5923,0.5872,0.7547,0.5752,0.64,0.5786,0.5819,0.6975,0.6839,0.5992,0.5838,0.6208,0.5722,0.6026,0.6442,0.6659,0.6851
0.88,0.629,0.4949,0.6074,0.6008,0.4893,0.6116,0.5121,0.5684,0.5466,0.6193,0.6247,0.599,0.6271,0.5289,0.6067,0.5356,0.4811,0.6401,0.5355,0.5327,0.657,0.5876,0.6375,0.5922,0.6188,0.5736,0.5936,0.6268,0.6288,0.7194,0.5881,0.6206,0.6928,0.6047,0.5867,0.5703,0.6557,0.616,0.6254,0.6139,0.5872,0.6684,0.5353,0.5263,0.6555,0.6188,0.6111,0.5344,0.6849,0.6581,0.6272,0.5552,0.6246,0.6701,0.6464,0.6785,0.5677,0.4399,0.6636,0.578,0.6434,0.5536,0.5785,0.5754,0.5281,0.5938,0.5962,0.7723,0.5762,0.6511,0.5798,0.5842,0.7029,0.6949,0.6016,0.5858,0.6283,0.575,0.6063,0.6509,0.6679,0.6899
0.89,0.635,0.497,0.6096,0.605,0.4941,0.6143,0.5144,0.5716,0.5495,0.626,0.6281,0.6038,0.6317,0.532,0.6094,0.5388,0.4837,0.6459,0.5377,0.5353,0.663,0.5901,0.6435,0.5951,0.6221,0.5799,0.5975,0.6326,0.6336,0.7317,0.591,0.6268,0.7001,0.6077,0.5892,0.5735,0.6586,0.6206,0.6309,0.6197,0.5907,0.6741,0.5392,0.5312,0.659,0.6278,0.6146,0.5368,0.688,0.6673,0.6336,0.5565,0.6288,0.6741,0.6538,0.6872,0.5695,0.445,0.6667,0.5811,0.6494,0.5579,0.5816,0.5783,0.5304,0.5954,0.6054,0.7904,0.577,0.6624,0.5808,0.5866,0.7084,0.7062,0.604,0.5877,0.6359,0.5778,0.61,0.6577,0.6698,0.6947
0.9,0.6412,0.4992,0.6117,0.6091,0.4989,0.617,0.5166,0.5748,0.5523,0.6328,0.6315,0.6086,0.6364,0.5352,0.6121,0.5419,0.4863,0.6517,0.54,0.5379,0.6691,0.5927,0.6496,0.598,0.6254,0.5863,0.6015,0.6385,0.6384,0.7442,0.5938,0.6331,0.7075,0.6107,0.5916,0.5768,0.6615,0.6253,0.6364,0.6256,0.5942,0.6799,0.5432,0.5361,0.6624,0.637,0.6182,0.5392,0.6911,0.6766,0.6402,0.5577,0.633,0.6782,0.6613,0.6961,0.5712,0.4503,0.6699,0.5843,0.6555,0.5622,0.5847,0.5812,0.5327,0.5969,0.6148,0.809,0.5778,0.6739,0.5817,0.5889,0.7139,0.7176,0.6063,0.5897,0.6437,0.5806,0.6137,0.6646,0.6718,0.6995
0.91,0.6475,0.5013,0.6139,0.6133,0.5038,0.6197,0.5189,0.578,0.5552,0.6396,0.6349,0.6135,0.6412,0.5383,0.6148,0.545,0.489,0.6576,0.5423,0.5405,0.6753,0.5953,0.6558,0.6009,0.6287,0.5927,0.6055,0.6445,0.6432,0.7568,0.5967,0.6394,0.715,0.6137,0.5941,0.58,0.6644,0.6299,0.642,0.6315,0.5977,0.6858,0.5471,0.5411,0.6659,0.6463,0.6217,0.5416,0.6942,0.686,0.6468,0.559,0.6373,0.6822,0.6688,0.7051,0.5729,0.4557,0.673,0.5874,0.6616,0.5665,0.5878,0.5842,0.535,0.5985,0.6244,0.8281,0.5785,0.6855,0.5825,0.5912,0.7194,0.7293,0.6087,0.5916,0.6515,0.5834,0.6174,0.6717,0.6737,0.7043
0.92,0.6538,0.5034,0.6159,0.6175,0.5087,0.6224,0.5212,0.5811,0.558,0.6466,0.6383,0.6185,0.646,0.5415,0.6175,0.5482,0.4916,0.6636,0.5445,0.5431,0.6816,0.5978,0.662,0.6038,0.6319,0.5992,0.6095,0.6506,0.6479,0.7697,0.5996,0.6458,0.7226,0.6167,0.5966,0.5833,0.6673,0.6347,0.6476,0.6375,0.6012,0.6917,0.5511,0.5461,0.6694,0.6558,0.6252,0.5439,0.6974,0.6957,0.6534,0.5603,0.6415,0.6863,0.6765,0.7142,0.5746,0.4612,0.6762,0.5906,0.6679,0.5708,0.5909,0.5871,0.5373,0.6,0.6341,0.8476,0.5791,0.6974,0.5832,0.5936,0.7249,0.7411,0.611,0.5935,0.6594,0.5862,0.6211,0.679,0.6756,0.7091
0.93,0.6603,0.5056,0.618,0.6218,0.5138,0.6251,0.5234,0.5843,0.5609,0.6536,0.6417,0.6235,0.6508,0.5446,0.6202,0.5513,0.4942,0.6696,0.5468,0.5457,0.6879,0.6004,0.6683,0.6068,0.6352,0.6058,0.6134,0.6567,0.6527,0.7828,0.6025,0.6523,0.7303,0.6198,0.5991,0.5865,0.6702,0.6395,0.6533,0.6436,0.6047,0.6977,0.555,0.5512,0.6728,0.6655,0.6288,0.5463,0.7005,0.7055,0.6602,0.5616,0.6457,0.6904,0.6842,0.7235,0.5764,0.4669,0.6793,0.5937,0.6743,0.5751,0.594,0.59,0.5396,0.6016,0.6441,0.8677,0.5795,0.7094,0.5838,0.5959,0.7303,0.7532,0.6134,0.5955,0.6675,0.589,0.6249,0.6863,0.6776,0.7139
0.9400000000000001,0.6668,0.5077,0.62,0.6261,0.5188,0.6278,0.5257,0.5875,0.5637,0.6608,0.6451,0.6286,0.6557,0.5477,0.6229,0.5544,0.4968,0.6756,0.549,0.5482,0.6944,0.603,0.6746,0.6097,0.6385,0.6125,0.6174,0.6629,0.6575,0.796,0.6054,0.6589,0.7381,0.6228,0.6015,0.5897,0.6731,0.6443,0.6591,0.6498,0.6082,0.7038,0.559,0.5564,0.6763,0.6753,0.6323,0.5487,0.7036,0.7154,0.6671,0.5629,0.65,0.6944,0.692,0.7329,0.5781,0.4727,0.6824,0.5968,0.6807,0.5794,0.5971,0.5929,0.542,0.6031,0.6542,0.8883,0.5799,0.7216,0.5842,0.5982,0.7358,0.7654,0.6158,0.5974,0.6756,0.5918,0.6286,0.6938,0.6795,0.7187
0.9500000000000001,0.6734,0.5098,0.6221,0.6304,0.524,0.6305,0.528,0.5907,0.5666,0.668,0.6485,0.6338,0.6607,0.5509,0.6255,0.5576,0.4994,0.6818,0.5513,0.5508,0.7009,0.6055,0.681,0.6126,0.6418,0.6192,0.6214,0.6692,0.6623,0.8095,0.6082,0.6656,0.746,0.6258,0.604,0.593,0.676,0.6492,0.6649,0.656,0.6117,0.71,0.563,0.5617,0.6798,0.6853,0.6359,0.5511,0.7068,0.7255,0.674,0.5642,0.6542,0.6985,0.7,0.7424,0.5798,0.4786,0.6856,0.6,0.6873,0.5837,0.6002,0.5959,0.5443,0.6047,0.6644,0.9094,0.5802,0.7339,0.5845,0.6006,0.7413,0.7778,0.6181,0.5994,0.6839,0.5945,0.6323,0.7015,0.6814,0.7235
0.96,0.6801,0.5119,0.6241,0.6348,0.5292,0.6332,0.5302,0.5938,0.5694,0.6753,0.6519,0.639,0.6657,0.554,0.6282,0.5607,0.502,0.6879,0.5536,0.5534,0.7076,0.6081,0.6874,0.6155,0.645,0.626,0.6254,0.6756,0.667,0.8231,0.6111,0.6723,0.7541,0.6288,0.6065,0.5962,0.6789,0.6541,0.6708,0.6623,0.6152,0.7162,0.5669,0.567,0.6832,0.6955,0.6394,0.5535,0.7099,0.7358,0.6811,0.5654,0.6584,0.7025,0.708,0.7521,0.5816,0.4847,0.6887,0.6031,0.694,0.588,0.6034,0.5988,0.5466,0.6063,0.6749,0.9309,0.5804,0.7465,0.5847,0.6029,0.7468,0.7904,0.6205,0.6013,0.6922,0.5973,0.636,0.7093,0.6834,0.7283
0.97,0.6868,0.5141,0.626,0.6392,0.5345,0.6359,0.5325,0.597,0.5723,0.6827,0.6554,0.6442,0.6707,0.5572,0.6309,0.5638,0.5047,0.6942,0.5558,0.556,0.7143,0.6107,0.6939,0.6184,0.6483,0.6328,0.6293,0.682,0.6718,0.837,0.614,0.6792,0.7623,0.6318,0.609,0.5995,0.6818,0.6591,0.6767,0.6686,0.6188,0.7225,0.5709,0.5724,0.6867,0.7058,0.6429,0.5559,0.713,0.7462,0.6882,0.5667,0.6627,0.7066,0.7161,0.7619,0.5833,0.4909,0.6919,0.6063,0.7007,0.5923,0.6065,0.6017,0.5489,0.6078,0.6855,0.953,0.5805,0.7592,0.5848,0.6053,0.7523,0.8033,0.6228,0.6033,0.7007,0.6001,0.6397,0.7172,0.6853,0.7331
0.98,0.6937,0.5162,0.628,0.6436,0.5398,0.6386,0.5347,0.6002,0.5751,0.6901,0.6588,0.6495,0.6758,0.5603,0.6336,0.567,0.5073,0.7005,0.5581,0.5586,0.7211,0.6132,0.7004,0.6214,0.6516,0.6397,0.6333,0.6885,0.6766,0.851,0.6169,0.6861,0.7705,0.6348,0.6115,0.6027,0.6847,0.6641,0.6827,0.675,0.6223,0.7289,0.5748,0.5778,0.6901,0.7163,0.6465,0.5583,0.7161,0.7568,0.6954,0.568,0.6669,0.7107,0.7242,0.7719,0.585,0.4972,0.695,0.6094,0.7076,0.5966,0.6096,0.6046,0.5512,0.6094,0.6964,0.9755,0.5805,0.7721,0.5848,0.6076,0.7578,0.8163,0.6252,0.6052,0.7093,0.6029,0.6434,0.7252,0.6873,0.7379
0.99,0.7006,0.5183,0.6299,0.6481,0.5452,0.6413,0.537,0.6034,0.578,0.6977,0.6622,0.6549,0.681,0.5635,0.6363,0.5701,0.5099,0.7068,0.5604,0.5612,0.728,0.6158,0.707,0.6243,0.6548,0.6467,0.6373,0.6951,0.6814,0.8652,0.6198,0.6931,0.7789,0.6379,0.6139,0.606,0.6876,0.6691,0.6888,0.6815,0.6258,0.7354,0.5788,0.5833,0.6936,0.7269,0.65,0.5607,0.7193,0.7675,0.7027,0.5693,0.6711,0.7147,0.7325,0.782,0.5867,0.5037,0.6981,0.6126,0.7145,0.6009,0.6127,0.6076,0.5535,0.6109,0.7073,0.9986,0.5804,0.7852,0.5846,0.6099,0.7632,0.8295,0.6276,0.6072,0.7179,0.6057,0.6471,0.7335,0.6892,0.7427
1.0,0.7076,0.5205,0.6318,0.6526,0.5506,0.644,0.5393,0.6066,0.5808,0.7054,0.6656,0.6603,0.6862,0.5666,0.639,0.5732,0.5125,0.7132,0.5626,0.5638,0.735,0.6184,0.7137,0.6272,0.6581,0.6538,0.6412,0.7018,0.6861,0.8797,0.6226,0.7002,0.7875,0.6409,0.6164,0.6092,0.6905,0.6743,0.6949,0.688,0.6293,0.7419,0.5827,0.5889,0.6971,0.7377,0.6536,0.5631,0.7224,0.7784,0.7101,0.5706,0.6754,0.7188,0.7408,0.7922,0.5885,0.5103,0.7013,0.6157,0.7216,0.6052,0.6158,0.6105,0.5558,0.6125,0.7185,,0.5802,0.7985,0.5844,0.6123,0.7687,0.8429,0.6299,0.6091,0.7267,0.6085,0.6509,0.7418,0.6911,0.7475
